hap,DYS576,DYS389I,DYS448,DYS389II,DYS19,DYS391,DYS481,DYS533,DYS438,DYS437,DYS570,DYS635,DYS390,DYS439,DYS392,DYS393,DYS458,DYS456,Y_GATA_H4
C,18,12,20,28,14,10,23,11,11,15,19,21,23,12,13,12,18,16,12
C,17,12,20,28,14,11,24,11,11,15,20,21,24,12,13,12,17,15,12
C,17,12,20,29,16,10,28,11,10,14,19,24,21,11,11,12,18,15,11
C,17,12,20,29,16,10,28,11,10,14,19,24,21,11,11,12,18,15,11
C,18,13,20,29,16,10,25,11,10,14,20,22,23,12,11,14,16,15,12
C,18,12,22,27,15,10,24,14,10,14,16,21,23,13,11,14,17,15,11
C,16,12,21,28,17,10,24,13,10,14,15,21,23,11,11,14,15,14,11
C,17,12,20,28,14,11,25,11,11,15,17,21,24,11,13,12,18,15,12
C,19,13,21,29,16,10,26,14,10,14,16,21,23,11,11,14,16,15,11
C,16,13,20,29,16,10,24,12,10,14,14,23,24,11,11,15,15,15,12
C,19,14,21,30,16,10,25,12,10,14,18,21,23,11,11,14,15,14,11
C,18,14,21,31,15,10,25,14,10,14,18,22,23,11,11,15,15,15,11
C,19,13,21,30,16,11,28,12,10,14,16,23,23,11,11,15,15,15,11
C,19,13,21,29,15,10,27,12,10,14,16,21,23,12,11,15,15,14,11
C,18,13,17,29,14,11,26,11,10,14,16,21,24,10,11,12,17,15,11
C,17,13,21,31,15,10,27,12,10,14,16,22,23,12,11,15,15,15,11
D,17,12,19,28,15,10,26,12,10,14,21,20,24,12,10,12,22,15,11
D,18,12,19,28,15,10,29,12,10,14,23,20,25,11,10,12,19,15,11
D,18,12,19,28,15,10,28,12,10,14,21,20,24,11,10,12,19,15,11
D,18,12,19,28,15,10,29,12,10,14,20,20,24,11,10,12,19,15,12
D,18,12,19,28,15,10,29,12,10,14,21,20,24,11,10,12,19,15,11
D,18,12,19,28,14,9,28,12,10,14,22,20,24,11,10,12,19,15,11
D,18,12,19,28,15,10,29,12,10,14,23,20,24,11,10,12,18,15,11
D,18,12,19,28,15,10,29,12,10,14,24,20,24,11,10,12,19,15,11
D,19,12,19,28,15,9,28,12,10,14,23,20,24,11,10,12,19,15,11
D,17,13,19,29,15,10,27,12,10,14,22,20,24,11,10,12,20,15,11
D,17,12,19,29,15,11,27,12,10,14,19,21,25,11,10,12,21,15,11
D,18,12,19,28,15,9,29,12,10,14,23,20,24,11,11,12,19,15,11
D,17,13,17,29,14,10,27,12,10,14,19,20,24,11,11,12,18,15,12
D,17,13,17,29,14,11,26,11,10,14,18,21,24,10,11,12,17,15,11
D,17,13,17,29,14,11,28,12,10,14,19,21,24,11,11,12,18,15,11
D,16,13,17,29,15,10,27,11,10,14,20,21,24,10,11,12,18,15,11
D,17,13,17,31,14,10,27,11,10,14,20,21,24,10,11,12,18,15,11
D,17,13,17,30,14,10,26,11,10,14,20,21,24,10,11,12,18,15,11
D,16,13,17,29,14,10,26,11,10,14,18,21,24,10,11,12,20,15,11
D,17,13,17,29,14,10,27,12,10,14,19,20,24,11,11,12,18,15,12
D,17,13,17,29,14,10,27,11,10,14,20,21,24,11,11,12,18,15,11
D,17,13,17,29,14,10,27,11,10,14,20,21,24,10,11,13,18,15,11
D,17,13,17,29,14,10,27,11,10,14,20,21,24,10,11,12,18,15,11
D,17,13,17,29,14,10,27,11,10,14,20,21,24,10,11,12,18,15,11
D,17,13,17,29,14,11,26,11,10,14,18,21,24,10,11,12,17,15,11
D,18,14,17,30,14,10,26,11,10,14,18,21,24,10,11,12,17,15,11
D,17,13,17,29,14,10,25,11,10,14,18,21,24,10,11,12,17,15,11
D,18,14,17,30,14,10,26,11,10,14,18,21,24,10,11,12,18,15,11
D,18,12,20,28,14,11,24,11,11,15,18,21,24,12,14,12,18,16,12
D,17,13,17,29,14,11,26,11,10,14,18,21,24,11,11,12,17,15,11
D,17,13,17,29,14,11,26,11,10,14,19,21,24,10,11,12,17,15,11
D,18,14,17,30,14,10,26,11,10,14,18,21,24,10,11,12,17,15,11
D,17,13,17,29,14,11,26,11,10,14,18,21,24,10,11,12,17,15,11
D,17,13,17,29,14,10,25,11,10,14,19,21,24,10,11,12,17,15,11
D,17,13,17,29,14,11,26,11,10,14,19,21,24,10,11,12,17,15,11
D,17,13,17,29,14,10,28,11,10,14,20,21,24,10,11,12,18,15,11
D,19,13,17,29,14,10,27,11,10,14,19,21,24,10,11,12,18,15,11
D,17,13,17,29,14,10,27,11,10,14,20,21,24,10,11,12,18,15,11
D,16,13,17,29,14,10,26,11,10,14,18,21,24,10,11,12,20,15,11
D,17,13,17,29,14,10,27,11,10,14,20,21,24,10,11,12,19,15,11
D,20,12,18,28,16,9,23,13,10,15,17,19,23,13,12,12,18,16,11
D,18,13,17,30,14,10,26,11,10,14,21,22,24,10,11,12,18,15,11
D,18,13,17,29,14,10,27,11,10,14,19,21,24,10,11,12,18,15,11
D,17,13,17,28,15,11,26,11,10,14,18,21,24,10,11,12,17,15,11
D,17,13,17,28,15,11,26,11,10,14,18,21,24,10,11,12,17,15,11
D,18,14,17,30,14,10,26,11,10,14,17,21,24,10,11,12,17,15,11
D,17,13,17,29,14,10,27,11,10,14,20,21,24,10,11,12,18,15,11
D,18,14,17,30,14,11,25,11,10,14,18,21,24,10,11,12,17,15,11
D,17,13,17,29,14,10,27,11,10,14,19,21,24,10,11,12,18,15,11
D,19,13,17,29,14,11,26,12,10,14,19,21,23,10,11,12,18,15,11
D,17,13,17,29,14,11,26,11,10,14,19,21,25,10,11,12,18,15,11
D,17,13,17,29,14,10,27,11,10,14,19,21,25,10,11,13,17,15,11
D,17,13,17,29,14,10,27,11,10,14,19,21,25,10,11,13,17,15,11
D,18,14,20,29,15,10,24,12,10,14,17,21,23,13,11,14,16,15,11
D,17,13,17,29,14,10,27,11,10,14,20,21,25,10,11,13,18,15,11
D,16,13,17,29,14,10,28,11,10,14,20,21,24,10,11,12,17,15,11
D,18,13,17,29,14,10,26,11,10,14,18,21,24,10,11,12,17,15,11
D,17,13,17,29,14,10,28,11,10,14,20,21,24,10,11,12,18,15,11
D,18,13,17,29,15,11,25,11,10,14,19,21,24,10,11,12,18,15,11
D,17,13,17,29,14,10,26,11,10,14,19,21,25,10,11,12,18,15,11
D,17,13,17,29,14,11,27,11,10,14,19,21,24,10,11,12,18,15,11
D,17,13,17,29,14,11,26,11,10,14,19,21,24,10,11,12,18,15,11
D,17,13,17,29,14,11,26,11,10,14,19,21,24,10,11,12,18,15,11
D,18,13,17,30,14,10,26,11,10,14,20,22,24,10,11,12,18,15,11
D,17,13,17,29,14,11,26,11,10,14,18,21,24,10,11,12,17,16,11
D,17,13,17,29,14,11,26,11,10,14,17,21,24,10,11,12,17,14,11
D,17,13,17,29,14,11,26,11,10,14,18,21,24,10,11,12,18,15,11
D,19,13,17,29,14,11,26,11,10,14,18,21,24,10,11,12,19,15,11
D,17,13,17,30,14,11,26,11,10,14,17,21,24,10,11,12,18,16,11
D,18,13,17,29,14,10,28,11,10,14,18,21,24,10,11,13,17,15,11
D,17,13,17,29,14,11,26,11,10,14,19,21,24,10,11,12,19,15,11
D,17,13,17,29,14,10,28,11,10,14,20,21,24,10,11,12,18,15,11
D,17,13,17,29,14,10,27,11,10,14,20,21,24,10,11,12,18,15,11
D,15,14,17,30,14,10,26,11,10,14,18,24,24,10,11,12,18,15,11
D,16,13,17,29,14,10,27,11,10,14,17,21,24,11,11,13,17,15,11
D,17,13,17,29,14,11,26,11,10,14,18,21,24,10,11,12,17,15,11
D,17,14,17,30,14,11,26,11,10,14,18,21,24,10,11,12,17,15,11
D,17,13,17,29,14,11,26,11,10,14,18,21,24,10,11,12,17,15,11
D,18,13,17,29,14,11,25,11,10,14,18,21,24,10,11,12,17,15,11
D,17,13,17,29,14,10,26,11,10,14,18,21,24,10,11,12,17,15,11
D,17,13,17,29,14,10,26,11,10,14,18,21,24,10,11,12,17,15,11
D,17,13,17,29,13,11,27,11,10,14,18,21,24,10,11,13,18,15,11
D,17,13,17,29,14,10,26,11,10,14,19,21,25,10,11,12,18,15,11
D,17,13,17,29,14,11,26,11,10,14,19,21,25,10,11,12,18,15,11
D,17,13,17,29,14,11,26,11,10,14,18,21,24,10,11,12,17,15,12
D,17,13,17,29,14,12,26,11,10,14,19,21,26,10,11,12,18,15,11
D,17,13,17,29,14,10,28,11,10,14,20,22,24,10,11,12,18,15,11
D,20,13,18,29,14,10,23,11,10,14,17,22,25,11,13,15,15,15,11
D,16,13,17,29,14,10,26,11,10,14,22,21,24,10,11,12,16,15,11
D,17,13,17,29,14,11,27,11,10,14,18,21,24,10,11,15,18,15,11
D,18,13,17,29,14,10,26,11,10,14,18,21,24,10,11,12,18,15,11
D,17,13,17,29,15,10,27,11,10,14,19,21,24,10,11,12,19,15,11
D,17,13,17,29,14,11,26,11,10,14,18,21,23,10,11,12,17,15,11
D,17,13,17,29,14,10,26,11,10,14,18,21,24,10,11,12,17,15,11
D,17,13,17,29,14,10,26,11,10,14,20,21,25,10,11,12,18,15,11
D,19,13,20,30,15,10,28,12,10,14,19,21,23,11,11,15,15,15,11
D,18,13,17,29,14,10,29,11,10,14,19,21,24,10,11,12,19,15,11
D,17,13,17,29,14,10,27,11,10,14,20,21,24,10,11,12,16,14,11
D,17,13,17,29,14,11,27,11,10,14,18,21,24,10,11,14,18,15,11
D,17,13,17,29,14,11,27,11,10,14,18,21,24,10,11,14,18,15,11
D,18,12,19,28,15,10,27,12,11,14,18,21,24,12,7,13,17,14,11
D,17,13,20,29,17,10,26,11,11,14,18,21,24,13,7,12,18,16,12
D,17,13,19,30,15,10,26,12,11,14,19,21,24,12,7,13,16,15,11
D,17,13,19,30,15,10,26,12,11,14,19,21,24,12,7,13,16,15,11
F,18,13,20,29,13,10,17,11,10,14,17,24,23,12,11,14,17,16,11
F,19,13,19,29,14,10,17,11,10,14,16,23,23,11,11,13,17,16,11
F,18,13,19,29,14,10,17,11,10,14,16,23,23,11,11,13,17,16,11
F,19,13,19,29,14,10,17,11,10,14,16,23,23,11,11,13,17,16,11
F,17,13,19,28,17,10,24,11,10,14,19,24,25,13,13,12,17,14,13
F,19,13,19,29,14,10,17,11,10,14,16,23,23,11,11,13,17,16,11
F,19,13,20,29,13,10,17,11,10,14,17,23,23,13,11,14,18,16,11
F,19,13,19,29,14,10,17,11,10,14,16,23,23,11,11,13,12,16,11
F,19,13,19,29,15,10,17,11,10,14,16,23,23,11,11,13,17,16,11
F,19,13,19,29,14,10,17,11,10,14,16,23,23,11,11,13,17,16,11
F,18,13,20,29,13,10,17,11,10,14,17,23,23,12,11,14,18,16,11
F,19,13,20,29,13,10,17,11,10,14,18,23,23,12,11,13,18,16,11
F,17,13,20,29,13,10,17,11,10,14,17,23,23,12,11,14,18,16,11
F,20,13,19,29,13,10,17,11,10,14,17,24,23,12,11,14,18,17,11
F,18,13,19,29,13,10,17,11,10,14,17,25,23,13,11,14,18,17,11
F,19,13,20,29,13,10,17,11,10,14,17,23,23,13,11,14,18,16,11
F,17,13,20,29,13,10,17,11,10,14,17,22,23,13,11,13,18,16,11
F,18,13,20,29,13,10,17,11,10,14,17,23,23,12,11,14,18,16,11
F,18,13,20,29,13,10,17,11,10,14,17,23,23,12,11,14,18,16,11
F,19,13,19,29,13,10,17,11,10,14,16,23,23,11,11,14,19,16,11
F,18,13,19,29,13,10,17,11,10,14,16,23,23,11,11,14,18,16,11
N,18,14,18,30,14,10,21,12,10,14,18,20,23,10,14,14,16,14,11
N,17,14,18,28,14,10,21,12,10,14,20,20,23,11,14,14,20,15,11
N,16,13,20,29,14,10,21,12,10,14,20,23,22,10,14,13,17,16,12
N,17,14,19,31,14,10,24,12,11,14,18,23,23,11,14,12,15,15,12
N,19,13,19,29,14,11,24,12,11,14,17,22,23,12,14,13,16,15,12
N,17,14,19,31,14,10,24,12,11,14,18,23,23,11,14,13,15,15,12
N,18,14,19,32,14,12,23,12,11,14,18,21,24,11,14,13,19,15,12
N,18,13,19,29,14,11,23,12,11,14,17,22,23,12,14,13,16,15,12
N,17,13,19,29,14,11,23,12,11,14,18,21,23,11,14,13,16,15,12
N,18,14,19,32,14,12,22,12,11,14,18,21,23,11,14,13,17,15,12
N,17,14,19,31,14,11,23,13,11,14,18,22,23,11,14,13,15,15,11
N,19,13,19,29,14,11,23,12,11,14,17,22,23,12,14,13,16,15,12
N,18,14,19,32,14,12,23,12,11,14,18,21,23,11,14,13,20,15,12
N,16,14,19,32,14,10,23,11,11,14,18,23,24,11,14,13,15,15,12
N,18,14,19,32,14,11,23,12,11,14,18,21,24,11,14,13,19,15,12
N,18,14,19,32,14,12,23,12,11,14,18,21,23,11,14,13,19,15,12
N,17,14,19,30,14,11,23,12,11,14,18,22,23,11,14,13,15,15,13
N,17,13,19,29,14,11,23,12,11,14,18,21,23,11,14,13,16,15,12
N,17,13,19,30,14,11,23,12,11,14,18,21,23,11,14,13,16,15,12
N,18,14,19,32,14,11,22,11,11,14,18,21,23,11,14,13,17,15,12
N,19,14,19,31,14,10,22,12,11,14,18,21,23,11,14,13,16,16,12
N,19,13,19,29,14,11,23,12,11,14,17,22,23,12,14,13,16,15,12
N,18,14,19,31,14,10,23,12,11,14,18,21,23,11,14,13,16,16,12
N,18,13,19,30,14,11,23,12,11,14,18,21,23,11,14,13,16,15,12
N,16,14,19,30,14,10,24,12,11,14,18,21,23,11,13,13,16,15,12
N,16,14,19,30,14,11,22,12,11,14,18,21,23,11,14,13,15,15,12
N,17,14,19,33,14,11,23,12,11,14,19,21,23,11,14,13,17,15,12
N,17,14,19,33,14,11,23,12,11,14,20,21,23,11,14,13,17,15,12
N,17,14,19,31,14,11,23,12,11,14,19,21,23,11,14,13,17,15,12
N,16,14,19,30,14,11,23,12,11,14,18,23,23,11,14,13,15,15,12
N,17,13,19,30,14,11,23,12,11,14,18,21,23,11,14,13,16,15,12
N,16,14,19,32,14,12,23,12,11,15,18,21,23,11,14,13,18,15,12
N,17,15,19,32,14,11,23,12,11,14,18,22,23,11,14,13,15,15,11
O,19,12,18,27,16,10,25,11,10,14,20,20,23,12,14,13,15,18,12
O,18,12,18,27,16,10,25,11,10,14,20,21,23,12,14,13,15,18,12
O,17,12,18,27,16,10,25,11,10,14,19,21,23,11,14,13,15,17,12
O,17,14,18,30,15,10,25,11,10,14,19,19,23,12,14,13,15,17,12
O,18,12,18,29,15,11,25,11,10,14,18,19,23,11,14,13,15,17,12
O,17,12,18,28,15,10,25,11,10,14,19,19,23,12,14,13,15,17,12
O,17,12,18,28,15,11,24,11,10,14,18,19,23,11,14,13,14,16,12
O,18,12,18,30,16,11,24,11,10,14,18,19,23,11,14,13,15,16,12
O,18,12,18,30,16,11,24,11,10,14,18,19,23,11,14,13,15,16,12
O,18,12,18,30,16,11,24,11,10,14,18,19,23,11,14,13,15,16,12
O,18,12,18,30,15,11,26,11,10,14,19,19,23,11,13,13,16,18,12
O,16,12,18,28,14,10,24,11,10,14,18,19,23,12,14,13,16,15,12
O,16,12,19,28,15,10,24,12,10,14,19,21,23,12,14,13,15,15,12
O,17,12,19,28,15,10,24,12,10,14,19,21,23,12,14,13,16,15,12
O,15,14,18,32,15,10,25,11,10,14,21,21,22,12,14,13,16,15,11
O,16,12,19,29,15,11,24,12,10,14,20,21,23,13,14,13,15,15,12
O,17,12,18,28,15,10,24,12,10,14,19,21,23,12,14,13,16,15,12
O,18,13,18,29,14,10,22,11,10,14,19,19,23,12,14,13,16,15,12
O,16,13,18,29,14,10,24,11,10,14,19,19,23,13,14,14,17,15,12
O,16,13,18,29,15,10,24,11,10,14,20,20,23,12,14,13,16,15,12
O,16,13,18,29,14,10,24,11,10,14,18,19,23,12,14,13,16,15,12
O,17,13,18,29,14,10,24,11,10,14,19,19,23,12,14,13,16,15,13
O,16,13,18,29,14,10,24,11,10,14,18,19,23,12,14,13,16,15,12
O,16,13,18,29,14,10,24,11,10,14,18,19,23,12,14,13,16,15,12
O,16,13,18,29,14,10,24,11,10,14,18,19,23,12,14,13,16,15,12
O,16,13,18,29,14,10,24,11,10,14,18,19,23,12,14,13,16,15,12
O,16,13,18,29,15,10,24,11,10,14,18,19,23,12,14,13,16,15,12
O,16,13,18,29,14,10,24,11,10,14,18,19,23,12,14,13,17,15,12
O,16,13,18,29,14,10,24,11,10,14,18,19,23,12,14,13,17,15,12
O,16,13,18,30,14,10,24,11,10,14,18,19,23,12,14,13,16,15,12
O,16,13,18,29,14,10,24,11,10,14,18,19,23,12,14,13,16,15,12
O,16,13,18,29,14,10,24,11,10,14,17,19,23,12,14,13,16,15,12
O,16,13,18,29,14,10,24,11,10,14,18,19,23,12,14,13,17,15,12
O,16,13,18,29,14,10,24,11,10,14,18,19,23,12,14,13,16,15,12
O,16,13,18,29,14,10,24,11,10,14,18,19,23,12,14,13,17,15,12
O,16,13,18,30,14,10,24,11,10,14,18,19,23,12,14,13,16,15,12
O,16,14,18,30,15,10,24,11,10,14,18,19,23,12,14,13,16,15,12
O,16,13,18,29,14,10,24,11,10,14,18,20,23,12,14,13,16,15,12
O,19,13,19,29,13,10,17,11,10,14,16,22,23,11,11,14,19,16,11
O,17,13,18,29,14,10,24,11,10,14,19,19,23,12,14,13,16,15,13
O,16,13,18,29,14,10,24,11,10,14,18,19,23,12,14,13,16,15,12
O,16,13,18,29,14,10,24,11,10,14,18,19,23,12,14,13,16,15,12
O,18,13,18,28,15,10,23,10,10,14,18,21,25,11,13,14,16,14,11
O,19,13,18,29,15,11,23,10,10,14,16,24,23,11,13,14,18,15,10
O,19,13,18,29,15,11,23,10,10,14,16,24,23,11,13,14,18,15,10
O,19,13,18,29,15,11,23,10,10,14,16,23,23,11,13,14,18,15,10
O,18,13,18,29,15,11,24,10,10,14,16,24,23,11,13,14,18,15,10
O,19,13,18,29,15,11,23,10,10,14,16,24,23,11,13,14,19,15,10
O,19,13,18,29,15,11,23,10,10,14,16,24,23,11,13,14,18,15,10
O,17,13,19,29,15,11,23,10,10,14,16,24,23,11,13,14,18,15,10
O,20,13,18,29,16,11,24,10,10,14,16,21,24,11,13,14,18,15,11
O,18,13,18,29,14,11,23,11,10,14,17,24,23,11,13,14,18,15,10
O,19,13,18,29,15,11,23,10,10,14,16,23,23,11,13,14,17,15,10
O,19,13,18,29,15,11,23,10,10,14,16,23,23,11,13,14,18,15,10
O,19,13,18,29,15,11,23,10,10,14,16,24,23,11,13,14,17,15,10
O,20,13,18,29,15,11,23,10,10,14,16,24,23,11,13,14,18,15,10
O,19,13,18,29,15,11,23,10,10,14,17,23,23,11,13,14,17,15,10
O,19,13,18,29,15,11,23,10,10,14,16,23,23,11,13,14,17,15,10
O,17,13,18,30,15,11,23,10,10,14,16,24,23,11,13,13,17,15,10
O,19,13,18,29,15,12,23,10,10,14,16,24,23,11,13,14,18,15,10
O,19,14,18,30,15,11,22,10,10,14,19,23,24,13,14,14,19,14,10
O,17,14,18,30,16,11,22,10,10,14,17,23,24,11,13,14,16,15,10
O,17,13,18,30,15,10,23,10,10,15,15,21,24,12,14,15,18,15,11
O,17,13,18,29,15,11,23,10,10,14,17,22,24,12,13,14,19,15,11
O,20,14,18,31,15,12,23,10,11,14,16,20,24,11,13,13,16,16,10
O,21,14,18,31,15,12,23,10,11,14,16,20,24,11,13,13,16,16,10
O,21,14,18,31,15,11,23,10,11,14,16,20,24,11,13,13,16,16,10
O,21,14,18,31,15,11,23,10,11,14,16,20,24,11,13,13,16,16,10
O,17,13,19,28,17,11,24,11,10,14,18,25,25,13,13,12,18,14,13
O,20,13,18,29,15,10,22,10,10,14,16,21,24,12,13,14,15,15,11
O,17,13,18,29,15,10,23,11,10,14,16,24,25,11,13,14,16,15,11
O,18,13,19,29,14,11,22,10,10,14,16,22,25,11,13,14,16,16,11
O,17,13,18,29,15,10,23,11,10,14,16,24,25,11,13,14,16,15,11
O,17,12,20,28,14,11,23,11,11,15,19,21,24,13,13,12,18,15,12
O,20,13,18,29,15,10,22,10,10,14,16,21,24,11,13,15,15,15,11
O,19,13,18,29,15,10,22,10,10,14,16,21,24,12,13,15,15,15,11
O,20,13,18,29,15,10,22,10,10,14,16,21,24,12,13,15,15,15,11
O,18,13,18,29,15,11,24,10,10,14,17,22,25,12,13,14,16,15,11
O,17,13,18,30,15,11,24,10,10,14,16,24,26,11,13,14,15,16,11
O,19,13,17,29,15,10,23,10,10,14,17,21,25,12,13,14,16,16,11
O,17,13,18,29,15,10,23,11,10,14,16,24,25,11,13,14,18,15,11
O,20,13,18,29,15,10,23,10,10,14,18,20,25,11,13,15,12,16,11
O,19,13,18,29,15,11,24,10,10,14,15,21,25,13,13,14,17,15,11
O,18,13,18,30,15,10,23,11,10,14,20,21,24,11,13,14,16,15,12
O,19,14,18,30,15,10,23,11,10,14,19,21,24,11,13,14,15,15,12
O,18,13,19,30,15,10,22,12,10,14,17,21,23,11,13,12,18,15,11
O,17,13,19,29,15,11,22,11,10,14,17,21,22,12,13,12,16,15,11
O,17,14,19,30,15,10,23,11,11,15,17,21,24,11,13,12,19,16,12
O,17,13,19,29,16,10,22,11,10,15,17,21,25,12,13,12,17,15,12
O,17,14,19,31,17,10,21,11,10,15,18,21,22,11,13,12,19,16,11
O,17,13,19,29,15,10,22,12,10,15,16,21,22,13,13,12,17,16,12
O,20,14,19,30,16,10,22,12,10,15,16,21,23,13,13,12,17,16,12
O,17,13,19,29,15,10,24,12,10,14,18,22,24,12,13,12,18,15,11
O,19,13,19,28,15,10,23,11,10,15,17,21,21,11,14,12,18,15,12
O,19,13,20,29,13,10,17,11,10,14,17,24,23,12,11,14,17,16,11
O,17,13,19,28,17,10,24,11,10,14,19,24,25,13,13,12,17,14,13
O,17,13,20,29,17,11,25,11,10,14,18,23,24,12,13,12,17,15,11
O,17,11,20,26,16,11,26,11,10,14,20,22,13,11,13,13,20,15,11
O,18,13,19,28,16,10,24,11,10,13,18,22,25,12,13,12,19,15,12
O,19,13,19,29,17,10,24,11,10,14,19,23,25,12,13,12,19,14,13
O,19,14,19,30,17,10,24,11,10,14,19,21,25,12,13,12,17,14,11
O,16,12,20,29,15,10,24,11,10,14,19,23,26,11,12,12,18,14,12
O,17,13,19,28,17,10,24,11,10,14,18,21,25,11,13,12,18,14,13
O,17,13,19,28,17,10,25,11,10,14,18,21,25,11,13,12,18,14,13
O,16,12,20,29,17,10,24,11,10,14,19,21,24,11,13,12,19,14,13
O,18,12,19,28,15,10,25,11,10,14,21,21,25,12,13,12,21,13,13
O,18,12,19,29,15,10,25,11,10,14,19,21,25,12,13,12,18,13,13
O,18,13,19,29,16,10,24,10,10,14,16,21,24,12,13,12,19,14,11
O,18,12,19,28,15,10,23,11,10,14,17,23,26,11,13,12,19,15,11
O,18,12,18,28,16,10,23,11,10,14,17,23,25,11,13,12,18,14,11
O,20,12,19,28,15,10,25,11,10,14,18,22,26,12,14,12,19,14,11
O,20,12,19,28,17,9,25,11,10,14,17,21,25,11,13,12,18,15,12
O,20,12,19,28,15,9,27,11,10,14,17,21,25,12,13,12,17,14,11
O,19,12,19,29,16,10,25,11,10,14,17,20,25,12,13,12,17,14,12
O,20,13,19,29,16,10,25,11,10,14,16,20,25,11,13,12,18,14,12
O,18,12,20,28,15,11,24,12,10,15,17,20,23,12,13,13,19,15,12
O,19,12,20,28,16,10,24,11,10,15,19,20,25,12,13,12,18,15,13
O,18,12,20,28,17,11,22,11,10,15,18,23,24,11,13,13,18,15,12
O,18,12,20,28,16,10,26,11,10,15,21,21,25,13,13,12,18,15,11
O,19,13,22,29,15,10,23,10,10,15,18,20,24,12,13,12,17,16,12
O,19,12,20,28,17,10,27,11,10,15,19,21,24,12,13,12,19,15,11
O,19,13,20,29,17,10,22,11,10,16,20,23,24,11,13,12,19,15,12
O,19,13,22,29,15,10,23,10,10,15,18,20,24,12,13,12,17,15,12
O,19,13,20,29,17,10,22,11,10,16,20,23,24,11,13,12,19,15,12
O,18,12,20,28,17,10,22,11,10,15,18,23,24,11,13,13,18,15,12
O,18,13,21,28,16,10,26,11,10,15,20,23,25,12,13,12,18,16,12
O,20,12,20,28,16,10,23,11,10,15,19,21,24,10,13,12,17,15,12
O,17,13,19,29,15,10,28,11,10,15,18,21,24,13,13,12,18,15,11
O,17,13,19,29,15,10,30,11,7,15,14,21,24,12,13,12,17,15,11
O,22,12,19,27,15,10,25,12,10,15,15,22,24,11,13,13,18,15,12
O,19,12,19,27,15,10,25,12,10,15,15,22,24,11,13,13,18,15,12
O,20,12,19,27,15,10,26,12,10,15,15,22,24,11,13,13,18,15,12
O,20,12,18,30,15,10,24,13,9,15,16,21,24,12,14,12,17,15,11
O,20,12,19,27,15,10,25,12,10,15,15,22,24,11,13,13,18,15,12
O,18,12,20,28,15,10,24,12,10,15,15,21,24,13,13,12,17,17,11
O,20,13,20,29,15,10,24,12,11,15,17,20,24,13,14,12,18,15,13
O,18,13,20,28,14,10,24,11,11,15,18,21,23,12,14,13,17,15,12
O,20,12,20,28,14,10,23,11,11,15,18,20,24,12,14,12,21,14,12
O,16,12,20,28,15,10,22,11,11,15,21,20,24,12,16,13,18,15,12
O,20,13,20,29,14,10,23,11,11,15,19,20,24,13,14,12,17,15,12
O,17,12,20,30,14,10,23,11,11,14,19,20,23,11,14,12,17,15,12
O,18,12,20,28,14,10,23,11,11,14,19,20,23,11,14,12,18,15,12
O,19,12,20,26,14,10,23,11,11,15,18,21,24,12,14,13,18,15,12
O,18,12,20,26,15,10,23,11,11,15,18,21,24,12,14,13,18,15,12
O,17,12,20,28,14,10,23,11,11,15,18,20,24,11,14,12,17,15,12
O,18,12,20,28,14,10,24,12,11,15,20,21,24,12,14,12,17,17,12
O,18,12,20,28,14,10,24,12,11,15,20,21,24,12,14,12,17,17,12
O,18,12,20,28,14,10,24,12,11,14,20,21,24,12,14,12,17,17,12
O,19,12,20,28,14,10,24,12,11,15,20,21,24,12,14,12,17,17,12
O,17,12,20,28,14,10,24,11,11,15,18,21,24,11,13,12,18,16,12
O,18,12,21,29,14,11,23,11,11,15,19,22,24,12,13,12,18,15,12
O,17,12,20,28,14,11,24,11,11,15,18,21,24,11,13,12,17,15,12
O,17,12,20,28,14,11,23,11,11,15,18,21,24,12,13,12,18,15,12
O,18,12,20,28,14,11,24,11,11,15,18,21,24,12,14,12,19,16,12
O,17,12,20,28,14,11,24,11,11,15,19,21,24,12,13,12,18,16,12
O,19,13,20,29,14,10,23,11,11,14,18,20,24,11,14,13,18,14,12
O,17,12,20,28,14,11,23,11,11,15,19,21,24,12,13,12,18,15,12
O,17,12,20,28,14,11,24,11,11,15,20,21,24,12,13,12,17,15,12
O,18,12,20,28,14,10,23,11,11,15,19,21,23,12,13,12,18,16,12
O,18,12,20,28,14,10,23,11,11,15,19,21,23,12,13,12,18,16,12
O,17,12,20,28,14,11,24,11,11,15,18,21,24,11,13,12,18,16,12
O,17,12,22,28,14,11,23,11,11,15,18,21,24,11,13,12,17,16,12
O,17,12,20,28,14,11,24,11,11,15,18,21,24,11,13,12,17,16,12
O,17,13,20,29,15,11,22,11,11,15,19,21,24,12,13,12,18,15,12
O,17,12,20,28,14,11,24,11,11,15,17,21,24,11,13,12,18,16,12
O,19,13,20,29,14,10,23,11,11,14,18,20,24,12,14,12,19,14,12
O,16,13,20,29,15,11,22,11,11,15,19,21,24,12,13,12,18,15,12
O,17,12,20,28,14,11,24,11,11,15,18,21,24,11,13,12,18,16,12
O,18,12,20,28,14,10,24,11,11,15,19,21,24,11,13,12,18,16,12
O,19,13,20,28,14,10,23,11,11,14,18,20,24,11,14,12,19,14,12
O,18,13,20,28,14,10,23,11,11,14,19,20,24,11,14,12,18,14,12
O,17,13,17,29,14,11,26,11,10,14,18,21,24,11,11,12,17,15,11
O,17,12,20,28,14,11,24,11,11,15,18,21,24,11,13,12,18,15,12
O,18,13,20,28,14,10,23,11,11,14,18,20,24,11,14,12,18,14,12
O,17,12,20,28,14,11,24,11,11,15,18,21,24,11,13,12,19,16,12
O,17,12,20,28,14,11,24,11,11,15,17,21,24,11,13,12,18,16,12
O,17,12,20,28,14,10,24,11,11,15,18,22,24,11,13,12,18,16,12
O,17,12,20,29,14,11,23,11,11,15,19,21,24,12,13,12,18,15,12
O,17,12,20,28,14,11,24,11,11,15,18,21,24,11,13,12,18,15,12
O,17,12,20,28,15,11,21,12,11,15,18,21,24,12,13,12,16,15,12
O,17,12,20,28,14,10,24,11,11,15,18,21,24,11,13,12,20,16,12
O,19,13,20,28,14,10,23,11,11,14,18,20,24,11,14,12,18,14,12
O,18,12,20,28,14,10,24,11,11,15,19,21,24,11,13,12,18,16,12
O,20,13,20,29,14,10,23,11,11,14,18,20,24,11,14,12,18,14,12
O,17,12,20,28,14,10,24,11,11,15,18,21,24,11,13,12,18,16,12
O,17,12,20,28,14,11,24,11,11,15,18,21,24,11,13,12,18,16,12
O,19,13,21,29,14,10,23,11,11,14,18,20,24,11,14,12,19,14,12
O,18,12,20,28,14,10,24,12,11,15,20,21,24,12,14,12,17,17,12
O,16,13,18,29,14,10,23,11,10,14,16,24,25,11,13,14,17,15,11
O,17,12,20,28,14,11,24,11,11,15,18,22,23,11,13,12,18,16,12
O,17,12,20,28,14,11,24,11,11,15,18,22,23,11,13,12,18,16,12
O,17,12,20,28,14,11,23,11,11,15,19,21,24,13,13,12,18,15,12
O,18,12,20,28,14,11,24,11,11,15,18,21,24,12,14,12,18,15,12
O,17,12,20,28,14,11,24,11,11,15,18,21,24,11,13,12,17,15,12
O,19,12,20,28,14,11,24,11,11,15,18,21,24,13,14,12,18,16,12
O,19,12,20,28,14,11,24,11,11,15,18,21,24,12,14,12,18,16,12
O,18,12,20,28,14,11,24,11,11,15,17,21,24,11,13,12,18,15,12
O,17,12,20,28,14,11,24,11,11,15,17,21,24,11,13,12,18,15,12
O,18,12,19,30,14,10,25,12,11,15,19,19,24,11,11,13,18,14,12
O,21,12,21,27,14,11,24,11,11,15,18,21,24,12,14,12,18,16,12
O,18,12,20,28,14,11,24,11,11,15,18,21,24,12,14,12,18,16,12
O,18,13,20,29,13,10,23,11,11,14,18,20,24,12,14,12,18,14,12
O,17,12,20,28,14,11,24,11,11,15,17,21,25,11,13,12,18,16,12
O,17,12,20,28,14,11,24,11,11,15,17,21,25,11,13,12,18,16,12
O,18,12,20,28,14,11,24,11,11,15,18,21,24,12,14,12,18,15,12
O,17,12,20,28,14,11,24,11,11,15,17,21,25,11,13,12,18,16,12
O,19,12,20,28,15,11,24,11,11,15,18,21,24,12,13,12,18,16,11
O,20,12,19,27,16,10,22,11,10,15,15,21,23,11,12,14,17,15,12
O,18,12,20,28,14,10,24,11,11,15,18,22,24,12,13,12,18,15,12
O,16,12,20,29,14,10,24,11,11,15,19,21,24,11,13,12,19,16,12
O,17,12,20,28,14,10,24,11,11,15,18,21,24,11,13,12,18,16,11
O,18,12,20,28,14,11,25,11,11,17,18,21,24,12,14,12,18,16,12
O,17,12,20,28,14,10,24,11,11,15,16,21,24,11,13,12,18,16,12
O,20,12,20,28,14,10,23,11,11,14,19,20,24,12,14,12,16,15,12
O,20,12,20,28,14,10,23,11,11,14,19,20,24,12,14,12,16,15,12
O,20,12,20,28,14,10,23,11,11,14,19,20,24,12,14,12,16,15,12
O,18,14,17,30,14,10,26,11,10,14,17,21,24,10,11,12,17,15,11
O,20,12,20,28,14,10,23,11,11,14,19,20,24,11,14,12,16,15,12
O,20,12,20,28,14,10,23,11,11,14,19,20,24,12,14,12,16,15,12
O,20,12,20,29,13,10,22,12,10,15,17,19,23,10,12,13,18,14,12
O,17,13,19,29,15,10,22,11,10,15,15,19,24,12,12,12,18,15,12
O,17,13,19,29,15,10,22,11,10,15,15,19,24,12,12,13,19,15,12
O,20,12,20,29,13,10,22,12,10,15,17,19,23,11,12,13,18,14,12
O,17,12,19,30,15,10,22,11,10,14,17,19,24,12,12,12,19,15,12
O,17,13,19,29,15,10,22,11,10,15,15,19,24,12,12,12,19,15,12
O,19,12,19,27,16,10,22,11,10,15,15,21,23,11,12,14,17,15,12
O,18,12,19,30,14,10,25,12,11,15,18,19,24,11,11,13,17,14,12
O,19,12,21,29,13,10,22,12,10,15,17,19,23,11,12,13,19,14,12
O,19,12,21,29,13,10,22,12,10,15,17,19,23,10,12,13,19,14,12
O,19,12,19,28,15,10,25,12,10,15,15,19,23,11,12,12,18,15,12
O,19,12,19,29,16,10,22,11,10,15,16,20,24,12,12,14,16,15,11
O,19,12,19,29,16,10,22,11,10,15,16,20,24,12,12,14,16,15,11
O,20,12,19,27,16,10,22,11,10,15,15,21,23,11,12,14,17,15,12
O,19,12,21,29,13,10,22,12,10,15,17,19,23,10,12,13,19,14,12
O,19,12,21,29,13,10,22,12,10,15,17,19,23,11,12,13,19,14,12
O,20,12,19,27,16,10,22,11,10,15,15,21,23,11,12,14,17,15,12
O,19,12,19,27,16,10,22,11,10,15,15,21,23,11,12,14,17,15,12
O,19,12,19,29,15,10,22,11,10,14,17,19,23,11,12,12,18,17,12
O,19,12,20,29,15,10,21,11,10,14,16,19,23,11,12,13,18,15,12
O,18,12,19,29,15,10,21,11,10,14,16,20,23,12,12,12,18,16,12
O,19,12,19,28,14,10,22,11,10,15,17,20,23,13,12,12,20,17,13
O,20,12,20,29,15,10,22,11,10,15,17,20,23,13,12,11,19,15,11
O,20,12,19,29,15,10,22,11,10,15,17,20,23,14,12,11,19,15,11
O,20,12,19,28,15,10,22,11,10,15,17,20,23,13,12,11,19,15,11
O,20,13,19,29,15,10,22,11,10,15,16,20,23,13,12,11,18,15,11
O,20,12,20,29,15,10,22,11,10,15,17,20,23,13,12,11,19,15,11
O,20,12,19,29,15,10,22,11,10,15,16,20,23,13,12,11,18,15,11
O,20,12,20,29,15,10,22,11,10,15,17,20,23,13,12,11,19,15,11
O,18,12,19,28,16,11,22,11,10,15,17,21,23,13,12,12,18,17,12
P,19,14,19,30,13,6,24,12,12,14,20,22,24,11,14,13,16,16,10
P,19,12,19,29,13,10,26,11,11,13,17,22,24,11,14,13,16,15,11
P,19,14,19,30,13,6,24,12,12,14,20,22,24,11,14,13,16,16,10
P,19,13,18,29,15,11,25,11,10,14,18,19,23,11,14,13,15,15,13
O,18,14,18,15,16,10,23,11,10,14,18,21,24,12,13,14,15,15,12
C,18,13,21,16,15,10,27,12,10,14,16,21,23,11,11,15,15,15,13
